{
  "Workflows": [
    {
      "Path": null,
      "SortBy": 0,
      "VariablesSectionElementsOrder": [],
      "ArgumentsSectionElementsOrder": null,
      "ConstantsSectionElementsOrder": [],
      "AddedNamespaces": null
    },
    {
      "Path": "Main.xaml",
      "SortBy": 0,
      "VariablesSectionElementsOrder": [
        "strMainTestHTML&Sequence_1"
      ],
      "ArgumentsSectionElementsOrder": [],
      "ConstantsSectionElementsOrder": [],
      "AddedNamespaces": null
    },
    {
      "Path": "ExcelToHtml in Charp.xaml",
      "SortBy": 0,
      "VariablesSectionElementsOrder": [
        "clrTmp&Sequence_1",
        "diColorInput&Sequence_1",
        "strEmptyString&Sequence_1",
        "xlSource&Sequence_1",
        "xlTargetSheet&Sequence_1",
        "strStartRow&Sequence_1",
        "strEndRow&Sequence_1",
        "strStartCol&Sequence_1",
        "strEndCol&Sequence_1",
        "strTemp&Sequence_1",
        "xlCell&Sequence_1"
      ],
      "ArgumentsSectionElementsOrder": [
        "in_DefaultColor",
        "in_strUnit",
        "in_strFilePath",
        "in_strRange",
        "out_strOutputHtml",
        "in_strSheetName",
        "in_bHiddenColumnSkip",
        "in_bHiddenRowSkip",
        "in_iAutoSearchMaxCount"
      ],
      "ConstantsSectionElementsOrder": [],
      "AddedNamespaces": null
    },
    {
      "Path": "Test.xaml",
      "SortBy": 0,
      "VariablesSectionElementsOrder": [
        "xlSource&Sequence_1"
      ],
      "ArgumentsSectionElementsOrder": [],
      "ConstantsSectionElementsOrder": [],
      "AddedNamespaces": null
    },
    {
      "Path": "DatatableToHtml in Charp.xaml",
      "SortBy": 0,
      "VariablesSectionElementsOrder": null,
      "ArgumentsSectionElementsOrder": null,
      "ConstantsSectionElementsOrder": null,
      "AddedNamespaces": null
    },
    {
      "Path": "Number To Excel Column.xaml",
      "SortBy": 0,
      "VariablesSectionElementsOrder": null,
      "ArgumentsSectionElementsOrder": null,
      "ConstantsSectionElementsOrder": null,
      "AddedNamespaces": null
    }
  ]
}